segment_id,segment_label,msoa_count,msoa_share,population_share,children_share_0_14_mean,young_adult_share_15_24_mean,car_access_household_share_mean,population_density_per_sq_km_mean,ab_c1_social_grade_share_mean
0,Dense Urban Professional Markets,599,0.08246145374449339,0.08751088533900402,0.1498948480140435,0.14155422799154613,0.4838925575299174,10586.74574290484,0.6400250392685758
1,Older Rural & Low-Density Markets,1883,0.2592235682819383,0.24327633422304273,0.14716433913058205,0.09086973589090457,0.8877010055629899,516.078810408922,0.6325487199996692
2,Balanced Regional Family Markets,1693,0.2330671806167401,0.24605256443980583,0.21371023690477609,0.1262389324861283,0.6761780674893365,5032.894743059658,0.4077362772842037
3,Student & Young Adult Urban Markets,139,0.01913546255506608,0.022783625510410587,0.08982736662711861,0.44035014995360594,0.5977550676775715,6520.202877697841,0.6952523913553285
4,Mainstream Affluent Suburban Markets,2950,0.4061123348017621,0.4003765904877368,0.1731810848173223,0.10279169878385734,0.8151400134809451,2751.3257288135596,0.5919231817709888
